Start,End,Sequence,Length,Color
1[85],2[51],AACGAGTAGATTT?CATTAGATACATTTCGCAAATGAAGT,40,#57bb00
4[66],4[67],ATATAATGCTGGTAGTAGCATTAATTCGAGCTTAATTGCTGA,42,#1700de
3[88],3[87],GGGGCGCGAG?GTGGCATCAATTCTACTAATATAGCTCAACAT???????TTTTAAATATTATTTTCATTT,71,#03b6a2
2[66],2[67],TACGGTGTCTGGGTCAATAACCTGTTTAGCTAGCAACTAAAG,42,#007200
1[64],1[84],ATTGCTCCTCCCAATTCTGCG,21,#7300de
5[88],5[87],CAGACCGGAA?CAACAGGTCAGGATTAGAGAGTTTTTGCGGAT???????GCTTAGAGCTTCAAAGCGAAC,71,#f7931e
2[50],1[63],TTCATT???????CATATAACAGTTGATTTTTGATAAGAGGTCATACCTTTA,52,#aaaa00
