Start,End,Sequence,Length,Color
20[116],32[33],AACCAGACCGGAGGGGCGCGAGCT???????GAAAAGGTGATCCAATAA,49,#1700de
26[63],28[33],CACTGCATCCCCGGGCTGTTTCAAGGGAACCGAACTCACCAGTTGGGCGCCAGGGTGGT,59,#888888
27[67],25[83],AGTCGGGAAAAACGCGCCCCTTCACCGCCTGCCGGAACTCACAAT,45,#aaaa00
8[97],10[84],TAGGAACAAATTCGCAGGAAGATCGCACCGACGACCAACCCG,42,#57bb00
10[83],6[70],TCGGATTTTAAATGAAAATAATTCGCGTGTAAACGAGCTTTC,42,#f7931e
4[116],5[116],GGCGATCGGTGCGGGCCTCTTCGCAGATTAAACGGGCGCAACTGTTGGGAAG,52,#7300de
0[106],1[116],TCAGGCTGTCCGTCTATCAGAGGTGAAT,28,#b8056c
14[63],16[33],CTACGTAGCTGCTCAACCAGAAGAGGGGGTAATAGTGAATTACTAATGCAGATACATAA,59,#1700de
18[69],21[66],TGACCTTGATTCCCTAGCTCAACATGTTCATTTGATAAG,39,#007200
29[98],25[116],GCAGCAAGACCTGCGAGCCGGAAGCATAAAGTG,33,#007200
31[84],32[98],GCATAAAAAGCCTTATGCCTGAGAGAGAATCGATGTACTTTT,42,#aaaa00
10[116],11[116],TAAATATTCATTGAATCCCCCTCAAAAGTATCGGCATACTGCGGAATCGTCA,52,#b8056c
28[116],29[97],GGTTTGCCCCAGCAGGCGAAAATCCAGAGAGTT,33,#cc0000
2[97],4[84],CGATAGTCGAAAAAAAAATACGTAATGCAGTTTCCTTAAAGG,42,#7300de
7[33],11[55],CAAAAACAGGAAGATTATAATCAATGTCAATCATATGATTGACCCGCATCG,51,#03b6a2
11[56],8[64],TAACCGTGCTTCTGCAAATATTTAAATTCTGGCC,34,#cc0000
22[116],23[97],AAATGGTCAATAACCTGTTTAGCTCTTAGTTTG,33,#888888
7[84],8[98],TTTGTTAGCCATCATGAGCGAGTAATGCTTTAAACTAACCAA,42,#1700de
35[33],26[33],ATATGATATGCCAAGCTTG???????CATGCCTGCCTCGAATTC,44,#1700de
6[106],7[116],GCGTCCACTCATTAAATTTTTGTTAAAT,28,#007200
17[56],14[64],AGTAAGATTTGCCACGAGTAGTAAATTGAAAAAT,34,#7300de
8[116],20[33],CAGCTCATTTTTAGTTCAGAAAAC???????GAGAATGACATTATAGTC,49,#03b6a2
2[116],35[116],TTCTTAAACAGCTGGCGAAAGGGG???????GATGTGCTGCAGCTATCAGGTCA,54,#aaaa00
3[67],1[83],ATATTCGGTCTGCGGGACTTTTTCATGAGGACACTACGCCAACGT,45,#1700de
26[97],28[84],TGAGTGAAACATACTCCATGTTACTTAGGCCCTGATTAATGA,42,#57bb00
29[33],23[116],TTTTCTTTTGACCAACTTT???????GAAAGAGGACAGATACATTTCGC,49,#333333
13[84],14[98],TAATTTCACCAGTCTTATTACAGTGTATCATCGCCAACTGGC,42,#b8056c
1[33],5[55],TGTTCCAGTTTGGAACAGATAGGCCTTATAAATCAAAAGCGAAAAGAGGCT,51,#57bb00
19[33],23[55],AGAAGCAAAGCGGATTCCTGACTCATAAATCAAAAATTTAAATATCCATAT,51,#333333
29[56],26[64],GCAACAGCAATCATCTGTGTGAAATTGTTGCGCT,34,#cc0000
25[33],29[55],GTAATCATGGTCATAGTACCGAGAGGTCGACTCTAGATGCGTATGAGACGG,51,#cc0000
22[83],18[70],TGAATATTGCGGATATTAGAGAGTACCTAGCCCGAGGCTGGC,42,#03b6a2
23[33],14[33],TGTCTGGAAGAACCGGATA???????TTCATTACCAATAAGGCT,44,#f7931e
12[106],13[116],TGACCCCAAATCATTGTGAATTACCTTA,28,#f74308
14[97],16[84],TCATTATAACTTTAAAACCAAAATAGCGTTTACCAAGAAAGA,42,#cc0000
11[33],0[107],CGTTGGTGTGCAAAGCGCC???????ATTCGCCAT,35,#333333
32[116],8[33],ATGACCCTGTAAAACGGTAATCGT???????AAAACTAGCGAAAAGCCC,49,#007200
19[84],20[98],CAAATATGGTCAGGGGCTTAGAGATATTTTCATTTAGCAAAC,42,#888888
0[69],3[66],CAACCTACTAAAGATCGTCACCCTCAGCAGATAACCGAT,39,#007200
8[63],10[33],TTCCTGCCCCGGTTGGTATAAGGTGCCGGAAACCAGAGATGGGGTAATGGGATAGGTCA,59,#888888
4[83],0[70],CCGCTTTGCTGAGGACAATGACAACAACGTGGACTAAGGCAC,42,#03b6a2
34[116],35[97],TTGCCTGAGAGTCTGGAGCAAACATAAGAGATC,33,#f74308
13[33],17[55],TGCCCTGACGAGAAACTTCAGTGCAAATCAACGTAACATTCAACGAGGCAT,51,#7300de
31[33],35[55],ATCATACAGGCAAGGCCATTAACGCATCAATTCTACTCGGAGACTTCTAGC,51,#f7931e
26[116],2[33],TAAAGCCTGGGGGGTTCCGAAATC???????GGCAAAATCGTTGAGTGT,49,#57bb00
16[83],12[70],TTCATCAAACAACAAGGACGTTGGGAAGGGCTTGATTTGCAA,42,#333333
17[33],6[107],CGCCAAAAGAAAATGTTTA???????GACTGGATA,35,#03b6a2
6[69],9[66],CGGCACCGCATCTGGGAACAAACGGCGGTATAGCCAGCT,39,#f74308
14[116],29[116],TGCGATTTTAAGTGATAAATTGTG???????TCGAAATCCGCGCGGTCCACGCT,54,#03b6a2
23[56],20[64],AACAGTTCATCAAGAAAGATTAAGAGGATTAATT,34,#57bb00
15[67],13[83],GAACTAACGGGTTGAGATATCATAACCCTCGAGAGGCTGATGGTT,45,#888888
28[83],24[70],ATCGGCCCCTGTCGCACATTAATTGCGTTATCCGCGAGGCGC,42,#f7931e
20[97],22[84],TCCAACACGCGTTTGGTGTACAGACCAGGTAGATTTAATTGC,42,#7300de
16[116],17[116],GCGAAACAAAGTACAACGGAGATTGTGACGACGATCAGCGATTATACCAAGC,52,#333333
33[67],31[83],CATATATTTTATTCAAACGGAGAGGGTAGCTCCAGGGTCCTCAGA,45,#cc0000
12[69],15[66],AAGAAGTGCAACACTTTAGGAATACCACAATAATAAAAC,39,#b8056c
9[67],7[83],TTCATCAACACTCCGTGCCAGTTTGAGGGGATCCAGCCTTAATAT,45,#aaaa00
32[63],34[33],AATTTTTAGTAGTAGAAAGAATAAACGACGGCCAGTTCAACCGAGTCAAATCACCATCA,59,#7300de
35[56],32[64],TGATAAACGTTGTATAGCAAAATTAAGCGATAAA,34,#b8056c
24[69],27[66],AGACGGTCTGATTGGGGGAGAGGCGGTTGGCCGCTTTCC,39,#f74308
32[97],34[84],GCGGGAGGCTAAATTAAGTTGGGTAACGATTTTTGATGTGTA,42,#f74308
2[63],4[33],CCACGCAATAGCCCGAAGAGTCAGAGGCAAAAGAATCGGCTACGACAGCATCGGAACGA,59,#aaaa00
21[67],19[83],AGGTCATTTTAATGCTGAATTCTGCGAACGAGCGCATAAAGACTT,45,#1700de
20[63],22[33],GCTCCTGGTCTTTACGCATCAAAGTAATCTTGACAAGTTTCATTGCAACTAAAGTACGG,59,#aaaa00
30[69],33[66],GTCACGATTAATGCAGGGTGAGAAAGGCAATAGAACCCT,39,#333333
23[98],19[116],ACCATTAGATGAACTAATTCGAGCTTCAAAGCG,33,#b8056c
5[33],12[107],GGGTAGCAAACACTAAAAC???????ACTCATCTT,35,#f7931e
34[83],30[70],GGTAAAGAAATGCATATTTCAACGCAAGAATAAAGTTTCCCA,42,#888888
1[84],2[98],CAAAGGGTGCGCCGCTTGCAGGGTATTACGCCAGCTTGATAC,42,#007200
25[84],26[98],TCCACACGCTAACTTGCCAGCTGCTGTTTGATGGTTGCCTAA,42,#f74308
35[98],31[116],TACAAAGAGGCGATCGGTTGTACCAAAAACATT,33,#f7931e
5[56],2[64],TTGAGGAAAACGAACACTATTAAAGAACCATCGC,34,#57bb00
