Start,End,Sequence,Length,Color
1[9],0[12],TTGCGTATTGGGCGTCTATCA,21,#b8056c
1[28],3[34],GTGGTTTTTCGGCCATACCGA,21,#03b6a2
3[98],1[111],ATTCCATGGGTAAACTGTTGGGAAGGTCAAAAGACACGCTGG,42,#333333
0[34],4[28],CAAAGGGCCAGCCAGCCTGCA,21,#333333
3[16],2[9],AGGATCCCCGGGACGCGCGGGGAGAGGCGGT,31,#1700de
3[56],1[69],TCATAGCAACGACGGCCGGAAACCAGGCACAAGAGTGATTGCCC,44,#1700de
1[70],3[76],TTCACCGCTTTCCACTGTGTG,21,#b8056c
4[48],0[35],CCAAGCTTCGTAGCTGCATTAATGAATCTTTTCCCAACGT,40,#03b6a2
4[27],4[16],GGTCGACTCTAG,12,#f7931e
3[35],1[48],GCTCGAATTGCATGCTTTCCGGCACCGCCGTGGACTACCAGTGA,44,#57bb00
3[119],1[132],CCGGAATGCTGCGTGCGGGCCTCTTCAAATCGGCGAAAATCC,42,#f74308
1[49],3[55],GACGGGCCGTGCCAATCATGG,21,#03b6a2
0[76],4[70],GTTTGGAAAAGCGCCACGACG,21,#7300de
4[90],0[77],GGTTTTTTATCCGCGCTCACTGCCCGCCTGGCCCTTGTTCCA,42,#007200
4[132],3[137],GGGATGGCATAAAGTGT,17,#03b6a2
0[55],4[49],TAAAGAATTCTGGTGCCAGTG,21,#888888
1[112],3[118],TTTGCCCGAGTGAGATACGAG,21,#cc0000
0[118],4[112],TTATAAAGCGATCGAAGGCGA,21,#333333
4[69],0[56],TTGTAATGTTTCGTCGGGAAACCTGTAACAGCTCCACTAT,40,#b8056c
0[97],4[91],AGATAGGGCTGCGCACGCCAG,21,#03b6a2
3[77],1[90],AAATTGCCCAGTCATTCGCCATTCAGGTTGAGTGTGAGAGAG,42,#888888
4[144],4[133],GCTGGCGAAAGG,12,#f7931e
4[111],0[98],TTAAGTCACAACCTAACTCACATTAAAAGCGGTCATAGCCCG,42,#cc0000
5[12],1[27],CAGGAAGATCGCACTCGAAAAACCGCCAGG,30,#57bb00
1[133],1[141],TGTTTGATG,9,#333333
1[91],3[97],TTGCAGCTTGCGTTGCTCACA,21,#007200
2[137],0[119],AAAGCCTGGGGTGCCTAATCAGCAGGCAAAATCCC,35,#f7931e
0[141],5[144],GTGGTTCCGGCTATTACGCCA,21,#333333
