Start,End,Sequence,Length,Color
11[33],0[65],GCATCAAAATCGCGTTTTA???????ATTCGAGCT,35,#03b6a2
7[33],8[33],AATATTCATTGAATCCTCGCGGAATCGTCATA,32,#007200
27[54],24[49],AATTCTGAGATTCCATATAACAGTTTAAATGTAATGC,37,#7300de
4[74],5[74],AACTCCAACAGGTCTCGGTCGCTGAGATCGTCACCGAACCAGACCGGAAGCA,52,#f7931e
31[33],32[33],AGATTTAGGAATACCAGAAGATTCATCAGTTG,32,#b8056c
9[54],6[49],TACCCTGGACCATAAATCAAAAACCCTCAAAAAGACT,37,#7300de
13[33],14[33],GAAACAAAGTACAACGTGATTATACCAAGCGC,32,#03b6a2
26[74],3[53],TCTGGAAGTTTCCTGAAAAGGTGG???????CATCAATTCTACTACATAACC,52,#cc0000
21[54],18[49],ATCATTGTAGAGATGGTTTAATTCTGACGAAAAGAAT,37,#57bb00
6[48],10[33],TCAAATAAGATTAAAGAAGCAAAGCGGATT,30,#1700de
23[33],15[53],GGCTCATTAAACACTCATC???????TTTGACCCCCAGCGTTACTTA,47,#f7931e
5[33],12[65],AGGCCGCTTAGCATCGGAA???????CGAGGGTAG,35,#f7931e
33[54],30[49],TATCATAATACGAGGCATAGTAACATTCAAGATAAGA,37,#f74308
35[33],27[53],CCAAAATAGTTTGCGGATG???????GCTTAGAGCTTAATGATTCCC,47,#888888
22[74],23[55],TTAATAAAACGAACTGAATTACCTTACAGGACG,33,#007200
8[74],21[53],AAACGAGAATGATATTCATTACCC???????AAATCAACGTAACAAACTTTA,52,#333333
32[74],9[53],CCAAAAGGAATTGTTTAGACTGGA???????TAGCGTCCAATACTAGGTCTT,52,#f74308
29[33],23[74],GATACATTTAAGGCACCAA???????CCTAAAACGAAGAAAAATCTACG,49,#03b6a2
29[56],25[74],AACCTGTAAAATACATGCAACTAAAGTACGGTG,33,#b8056c
25[33],26[33],CTGTAGCTCAACATGTTTTGCTGAATATAATG,32,#7300de
1[33],2[33],AACATCCAATAAATCACGATAGTAGTAGCATT,32,#57bb00
17[33],6[65],ACCGAACTGACAGACCAGG???????CGCATAGGC,35,#333333
10[74],11[74],CTTGACAAGAACCGACTATTATAGTCGAGGAAGCCCCTTCATCAAGAGTAAT,52,#aaaa00
0[48],4[33],GAAAGACTTGCGGGGCTTGCAGGGAGTTAA,30,#aaaa00
14[74],29[74],TGTGTCGAAATCGAGGAAGTTTCC???????ATTAAACGGGTTTAGCTATATTT,54,#333333
34[74],35[55],GGGGTAATAGTAAAACCCTCGTTTACCTTTTGC,33,#1700de
6[64],7[74],TGGCTGACGATGCTTTAAACAGTTCAGA,28,#b8056c
3[54],0[49],GATATATAGACAACCATCGCCCATACAGGCCAGCAGC,37,#57bb00
16[74],17[74],CTAAAGACTTTTTCCGAGGCGCAGACTTGAAAGAGTACAGAGGCTTTGAGGA,52,#57bb00
24[48],28[33],CACTACGCGCAAATTTTAGTTTGACCATTA,30,#1700de
18[48],22[33],ACACTAATACCAGTTGCGATTTTAAGAACT,30,#aaaa00
2[74],35[74],CCGACAATGACAGATTAGAGAGTA???????CCTTTAATTGCGTTTTGCCAGAG,54,#aaaa00
20[74],33[53],TAAATTGGGCTTACGGAACAACAT???????TATTACAGGTAGAAGCAACAC,52,#888888
23[56],19[74],TTGGGAAAGAGGCAGAAACACCAGAACGAGTAG,33,#007200
19[33],20[33],GTGAATAAGGCTTGCCTCAAGCTGCTCATTCA,32,#1700de
12[48],16[33],ACGGTGTACCAACTGGTCAATCATAAGGGA,30,#888888
0[64],1[74],TCAAAGCCTAAGGCAAAGAATAGTTGCG,28,#007200
30[48],34[33],GGTCATTCGAGAGGCAGACGACGATAAAAA,30,#cc0000
12[64],13[74],CAACGGCGAGTATCATCGCCTGATAAAT,28,#f74308
35[56],31[74],AAAAGAATCCTTTTCTAATGCAGATACATAACG,33,#f7931e
28[74],29[55],TCATTTGGGGCGCGCGAACGAGTAGAGGTCAAT,33,#03b6a2
15[54],12[49],GCCGGAAATCGCGACCTGCTCCAGAGATTTCAGATGA,37,#cc0000
